Designator,Mid X,Mid Y,Layer,Rotation
F1,107.560mm,-97.000mm,Top,90.0
J18,39.500mm,-12.270mm,Top,0.0
U2,102.000mm,-70.500mm,Top,270.0
R37,94.500mm,-84.000mm,Top,0.0
U9,51.790mm,-93.830mm,Top,270.0
D9,102.000mm,-44.500mm,Top,0.0
U14,84.500mm,-80.500mm,Top,180.0
C39,52.500mm,-89.500mm,Top,90.0
D8,102.000mm,-60.500mm,Top,0.0
C76,124.000mm,-7.500mm,Top,0.0
SW1,32.000mm,-13.000mm,Top,0.0
C12,103.000mm,-50.000mm,Top,0.0
C54,73.000mm,-99.500mm,Top,90.0
L7,91.730mm,-93.000mm,Top,0.0
C20,125.300mm,-41.500mm,Top,270.0
L2,114.000mm,-57.500mm,Top,0.0
J16,12.890mm,-20.730mm,Top,90.0
D5,88.000mm,-12.000mm,Top,90.0
C38,55.500mm,-87.500mm,Top,0.0
C4,108.000mm,-84.500mm,Top,0.0
U11,36.000mm,-85.500mm,Top,270.0
D4,95.000mm,-12.000mm,Top,90.0
U18,12.000mm,-40.500mm,Top,90.0
R33,94.500mm,-81.500mm,Top,0.0
C65,85.800mm,-88.530mm,Top,270.0
J6,77.500mm,-26.700mm,Top,180.0
J7,52.500mm,-26.700mm,Top,180.0
R10,96.500mm,-42.000mm,Top,90.0
D11,28.000mm,-4.500mm,Top,90.0
Y1,43.500mm,-75.030mm,Top,0.0
J8,104.000mm,-98.540mm,Top,0.0
U1,111.690mm,-88.880mm,Top,270.0
L5,79.030mm,-93.000mm,Top,0.0
U12,26.000mm,-79.000mm,Top,270.0
J5,8.410mm,-84.810mm,Top,0.0
J12,11.810mm,-64.500mm,Top,90.0
D7,102.000mm,-76.500mm,Top,0.0
SW4,80.000mm,-13.000mm,Top,0.0
C71,91.000mm,-88.000mm,Top,0.0
U3,102.000mm,-54.500mm,Top,270.0
R45,83.000mm,-99.000mm,Top,90.0
L3,114.000mm,-41.500mm,Top,0.0
D1,111.780mm,-96.120mm,Top,90.0
U5,110.000mm,-18.000mm,Top,180.0
D15,60.560mm,-4.500mm,Top,90.0
J21,63.000mm,-99.500mm,Top,180.0
J19,55.500mm,-12.270mm,Top,0.0
U10,56.670mm,-91.000mm,Top,270.0
Q3,69.170mm,-100.130mm,Top,270.0
R8,96.500mm,-58.000mm,Top,90.0
U7,49.500mm,-83.000mm,Top,270.0
J17,102.000mm,-5.500mm,Top,0.0
R5,96.500mm,-71.500mm,Top,90.0
L6,85.380mm,-93.000mm,Top,0.0
C75,8.000mm,-8.500mm,Top,0.0
D18,84.950mm,-4.500mm,Top,90.0
C63,81.900mm,-88.530mm,Top,270.0
C96,111.500mm,-10.140mm,Top,180.0
D3,91.500mm,-12.000mm,Top,90.0
J13,30.500mm,-37.770mm,Top,0.0
J9,17.000mm,-98.475mm,Top,0.0
D17,76.820mm,-4.500mm,Top,90.0
C8,125.300mm,-73.500mm,Top,270.0
D14,52.420mm,-4.500mm,Top,90.0
C62,83.850mm,-88.530mm,Top,270.0
R26,50.000mm,-89.500mm,Top,90.0
U8,43.500mm,-81.200mm,Top,0.0
J10,78.000mm,-99.500mm,Top,180.0
L1,114.000mm,-73.500mm,Top,0.0
U4,102.000mm,-38.500mm,Top,270.0
J14,30.500mm,-44.770mm,Top,0.0
D2,98.500mm,-12.000mm,Top,90.0
Q1,12.970mm,-89.000mm,Top,270.0
C74,98.000mm,-83.000mm,Top,90.0
U19,13.360mm,-8.000mm,Top,270.0
D13,44.280mm,-4.500mm,Top,90.0
C64,87.750mm,-88.530mm,Top,270.0
C18,103.000mm,-34.000mm,Top,0.0
C25,116.000mm,-18.000mm,Top,90.0
C14,125.300mm,-57.500mm,Top,270.0
D16,68.690mm,-4.500mm,Top,90.0
SW3,64.000mm,-13.000mm,Top,0.0
D6,71.970mm,-95.150mm,Top,0.0
C6,103.000mm,-66.000mm,Top,0.0
J20,71.500mm,-12.270mm,Top,0.0
D19,93.070mm,-4.500mm,Top,90.0
D12,36.140mm,-4.500mm,Top,90.0
Q2,17.590mm,-89.000mm,Top,270.0
J2,52.000mm,-100.140mm,Top,180.0
C70,100.500mm,-89.500mm,Top,180.0
U6,49.500mm,-77.000mm,Top,270.0
J15,30.500mm,-55.040mm,Top,0.0
J3,33.500mm,-93.705mm,Top,0.0
J4,4.040mm,-84.810mm,Top,0.0
R31,78.000mm,-88.500mm,Top,0.0
L4,72.640mm,-89.760mm,Top,0.0
J1,120.000mm,-100.140mm,Top,180.0
U13,63.800mm,-91.500mm,Top,270.0
U17,12.000mm,-54.500mm,Top,0.0
J11,90.000mm,-99.500mm,Top,180.0
SW2,48.000mm,-13.000mm,Top,0.0
D10,19.860mm,-4.500mm,Top,90.0
C3,120.900mm,-88.000mm,Top,180.0
C26,71.000mm,-87.500mm,Bottom,180.0
R43,90.000mm,-7.500mm,Bottom,270.0
R32,92.500mm,-72.500mm,Bottom,180.0
C22,99.500mm,-34.000mm,Bottom,180.0
R17,48.000mm,-78.500mm,Bottom,270.0
C95,90.000mm,-10.500mm,Bottom,180.0
C67,82.500mm,-94.500mm,Bottom,180.0
R11,75.000mm,-87.500mm,Bottom,180.0
C51,68.500mm,-96.500mm,Bottom,270.0
C61,82.000mm,-91.500mm,Bottom,180.0
C59,94.000mm,-81.500mm,Bottom,180.0
R41,93.000mm,-5.500mm,Bottom,180.0
R47,43.790mm,-72.500mm,Bottom,90.0
C52,72.000mm,-94.000mm,Bottom,180.0
C5,108.000mm,-70.000mm,Bottom,270.0
R25,71.500mm,-96.500mm,Bottom,180.0
C43,46.500mm,-28.000mm,Bottom,180.0
C44,18.500mm,-90.500mm,Bottom,180.0
C93,94.000mm,-8.000mm,Bottom,180.0
R19,54.000mm,-93.500mm,Bottom,180.0
C15,103.500mm,-59.500mm,Bottom,180.0
C46,61.500mm,-94.500mm,Bottom,180.0
R29,50.000mm,-90.000mm,Bottom,270.0
C48,68.000mm,-93.500mm,Bottom,180.0
C41,23.000mm,-79.000mm,Bottom,270.0
R20,53.000mm,-91.000mm,Bottom,180.0
C91,91.500mm,-3.000mm,Bottom,180.0
C77,12.000mm,-50.500mm,Bottom,180.0
R18,49.650mm,-93.200mm,Bottom,90.0
C73,97.500mm,-83.000mm,Bottom,270.0
R3,114.500mm,-86.000mm,Bottom,180.0
R22,13.000mm,-88.000mm,Bottom,180.0
C88,67.000mm,-3.000mm,Bottom,180.0
C45,15.500mm,-91.000mm,Bottom,270.0
C78,9.000mm,-50.500mm,Bottom,270.0
C85,43.000mm,-3.000mm,Bottom,180.0
R34,82.000mm,-88.500mm,Bottom,270.0
C23,108.000mm,-20.500mm,Bottom,180.0
C50,53.000mm,-88.500mm,Bottom,180.0
C81,15.500mm,-7.000mm,Bottom,180.0
R16,56.000mm,-89.500mm,Bottom,270.0
R4,111.500mm,-90.000mm,Bottom,180.0
C92,88.500mm,-3.000mm,Bottom,270.0
R21,26.000mm,-80.000mm,Bottom,180.0
C9,103.500mm,-75.500mm,Bottom,180.0
R6,99.500mm,-75.500mm,Bottom,270.0
C2,111.000mm,-101.500mm,Bottom,270.0
R14,59.500mm,-92.000mm,Bottom,180.0
C21,103.500mm,-43.500mm,Bottom,180.0
C53,69.000mm,-99.500mm,Bottom,180.0
R28,72.000mm,-99.500mm,Bottom,270.0
C29,63.000mm,-88.000mm,Bottom,270.0
R9,98.500mm,-43.000mm,Bottom,180.0
C55,69.000mm,-102.500mm,Bottom,180.0
C56,76.000mm,-94.500mm,Bottom,180.0
R38,11.500mm,-38.500mm,Bottom,180.0
R40,15.000mm,-9.500mm,Bottom,180.0
C83,26.500mm,-3.000mm,Bottom,180.0
C27,68.000mm,-88.000mm,Bottom,270.0
R15,64.500mm,-91.000mm,Bottom,180.0
C69,91.500mm,-91.000mm,Bottom,180.0
C94,94.500mm,-10.500mm,Bottom,180.0
C90,83.500mm,-3.000mm,Bottom,180.0
R30,77.500mm,-91.500mm,Bottom,270.0
C89,75.500mm,-3.000mm,Bottom,180.0
C42,53.500mm,-26.000mm,Bottom,180.0
R46,83.000mm,-99.000mm,Bottom,270.0
C66,86.000mm,-90.500mm,Bottom,180.0
C82,18.500mm,-3.000mm,Bottom,180.0
R1,115.500mm,-89.000mm,Bottom,180.0
R36,89.000mm,-88.000mm,Bottom,180.0
C13,104.000mm,-50.000mm,Bottom,180.0
C10,99.500mm,-66.000mm,Bottom,180.0
R39,14.500mm,-38.500mm,Bottom,270.0
C34,44.000mm,-81.500mm,Bottom,180.0
C16,99.500mm,-50.000mm,Bottom,180.0
C28,76.000mm,-64.750mm,Bottom,90.0
C60,85.000mm,-88.000mm,Bottom,180.0
C30,50.500mm,-76.000mm,Bottom,270.0
C80,9.000mm,-42.500mm,Bottom,270.0
Q5,47.040mm,-72.630mm,Bottom,270.0
C33,42.000mm,-78.500mm,Bottom,270.0
R35,95.500mm,-71.500mm,Bottom,270.0
C68,87.000mm,-93.000mm,Bottom,180.0
R27,75.000mm,-91.500mm,Bottom,270.0
C47,64.500mm,-94.000mm,Bottom,270.0
C7,104.000mm,-66.000mm,Bottom,180.0
U15,6.000mm,-7.051mm,Bottom,180.0
C19,104.000mm,-34.000mm,Bottom,180.0
R7,98.500mm,-59.000mm,Bottom,180.0
C1,118.500mm,-93.000mm,Bottom,180.0
R44,87.500mm,-7.000mm,Bottom,270.0
C31,50.500mm,-82.000mm,Bottom,270.0
Q4,59.500mm,-88.500mm,Bottom,90.0
C57,50.000mm,-86.000mm,Bottom,180.0
R24,69.500mm,-91.000mm,Bottom,180.0
C58,79.000mm,-88.500mm,Bottom,180.0
R2,110.000mm,-87.000mm,Bottom,180.0
C84,34.500mm,-3.000mm,Bottom,180.0
C17,108.000mm,-38.000mm,Bottom,270.0
C49,72.500mm,-91.000mm,Bottom,270.0
C40,26.500mm,-77.500mm,Bottom,180.0
C24,114.000mm,-18.000mm,Bottom,180.0
R23,17.500mm,-88.000mm,Bottom,180.0
C87,59.000mm,-3.000mm,Bottom,180.0
U16,124.000mm,-7.051mm,Bottom,180.0
C72,93.500mm,-85.000mm,Bottom,270.0
C79,12.000mm,-41.500mm,Bottom,180.0
R13,91.500mm,-68.000mm,Bottom,270.0
C11,108.000mm,-54.000mm,Bottom,270.0
R42,96.000mm,-4.500mm,Bottom,270.0
C32,45.000mm,-78.500mm,Bottom,180.0
C86,51.000mm,-3.000mm,Bottom,180.0
C35,45.000mm,-76.000mm,Bottom,180.0
M1A,65.000mm,-69.460mm,Top,0.0
M1B,65.000mm,-35.540mm,Top,0.0
